{"0":{"name":" 500px","class":"fa fa-500px"},"1":{"name":" adjust","class":"fa fa-adjust"},"2":{"name":" adn","class":"fa fa-adn"},"3":{"name":" align-center","class":"fa fa-align-center"},"4":{"name":" align-justify","class":"fa fa-align-justify"},"5":{"name":" align-left","class":"fa fa-align-left"},"6":{"name":" align-right","class":"fa fa-align-right"},"7":{"name":" amazon","class":"fa fa-amazon"},"8":{"name":" ambulance","class":"fa fa-ambulance"},"10":{"name":" american-sign-language-interpreting","class":"fa fa-american-sign-language-interpreting"},"13":{"name":" anchor","class":"fa fa-anchor"},"14":{"name":" android","class":"fa fa-android"},"15":{"name":" angellist","class":"fa fa-angellist"},"16":{"name":" angle-double-down","class":"fa fa-angle-double-down"},"17":{"name":" angle-double-left","class":"fa fa-angle-double-left"},"18":{"name":" angle-double-right","class":"fa fa-angle-double-right"},"19":{"name":" angle-double-up","class":"fa fa-angle-double-up"},"20":{"name":" angle-down","class":"fa fa-angle-down"},"21":{"name":" angle-left","class":"fa fa-angle-left"},"22":{"name":" angle-right","class":"fa fa-angle-right"},"23":{"name":" angle-up","class":"fa fa-angle-up"},"24":{"name":" apple","class":"fa fa-apple"},"25":{"name":" archive","class":"fa fa-archive"},"26":{"name":" area-chart","class":"fa fa-area-chart"},"28":{"name":" arrow-circle-down","class":"fa fa-arrow-circle-down"},"29":{"name":" arrow-circle-left","class":"fa fa-arrow-circle-left"},"30":{"name":" arrow-circle-o-down","class":"fa fa-arrow-circle-o-down"},"31":{"name":" arrow-circle-o-left","class":"fa fa-arrow-circle-o-left"},"32":{"name":" arrow-circle-o-right","class":"fa fa-arrow-circle-o-right"},"33":{"name":" arrow-circle-o-up","class":"fa fa-arrow-circle-o-up"},"34":{"name":" arrow-circle-right","class":"fa fa-arrow-circle-right"},"35":{"name":" arrow-circle-up","class":"fa fa-arrow-circle-up"},"36":{"name":" arrow-down","class":"fa fa-arrow-down"},"37":{"name":" arrow-left","class":"fa fa-arrow-left"},"38":{"name":" arrow-right","class":"fa fa-arrow-right"},"39":{"name":" arrow-up","class":"fa fa-arrow-up"},"40":{"name":" arrows","class":"fa fa-arrows"},"42":{"name":" arrows-alt","class":"fa fa-arrows-alt"},"44":{"name":" arrows-h","class":"fa fa-arrows-h"},"46":{"name":" arrows-v","class":"fa fa-arrows-v"},"48":{"name":" assistive-listening-systems","class":"fa fa-assistive-listening-systems"},"51":{"name":" asterisk","class":"fa fa-asterisk"},"52":{"name":" at","class":"fa fa-at"},"53":{"name":" audio-description","class":"fa fa-audio-description"},"56":{"name":" backward","class":"fa fa-backward"},"57":{"name":" balance-scale","class":"fa fa-balance-scale"},"58":{"name":" ban","class":"fa fa-ban"},"59":{"name":" bar-chart","class":"fa fa-bar-chart"},"61":{"name":" barcode","class":"fa fa-barcode"},"62":{"name":" bars","class":"fa fa-bars"},"63":{"name":" battery-empty","class":"fa fa-battery-empty"},"64":{"name":" battery-full","class":"fa fa-battery-full"},"65":{"name":" battery-half","class":"fa fa-battery-half"},"66":{"name":" battery-quarter","class":"fa fa-battery-quarter"},"67":{"name":" battery-three-quarters","class":"fa fa-battery-three-quarters"},"68":{"name":" bed","class":"fa fa-bed"},"69":{"name":" beer","class":"fa fa-beer"},"70":{"name":" behance","class":"fa fa-behance"},"71":{"name":" behance-square","class":"fa fa-behance-square"},"72":{"name":" bell","class":"fa fa-bell"},"73":{"name":" bell-o","class":"fa fa-bell-o"},"74":{"name":" bell-slash","class":"fa fa-bell-slash"},"75":{"name":" bell-slash-o","class":"fa fa-bell-slash-o"},"76":{"name":" bicycle","class":"fa fa-bicycle"},"78":{"name":" binoculars","class":"fa fa-binoculars"},"79":{"name":" birthday-cake","class":"fa fa-birthday-cake"},"80":{"name":" bitbucket","class":"fa fa-bitbucket"},"81":{"name":" bitbucket-square","class":"fa fa-bitbucket-square"},"82":{"name":" black-tie","class":"fa fa-black-tie"},"83":{"name":" blind","class":"fa fa-blind"},"86":{"name":" bluetooth","class":"fa fa-bluetooth"},"88":{"name":" bluetooth-b","class":"fa fa-bluetooth-b"},"90":{"name":" bold","class":"fa fa-bold"},"91":{"name":" bolt","class":"fa fa-bolt"},"92":{"name":" bomb","class":"fa fa-bomb"},"93":{"name":" book","class":"fa fa-book"},"94":{"name":" bookmark","class":"fa fa-bookmark"},"95":{"name":" bookmark-o","class":"fa fa-bookmark-o"},"96":{"name":" braille","class":"fa fa-braille"},"99":{"name":" briefcase","class":"fa fa-briefcase"},"100":{"name":" btc","class":"fa fa-btc"},"102":{"name":" bug","class":"fa fa-bug"},"103":{"name":" building","class":"fa fa-building"},"104":{"name":" building-o","class":"fa fa-building-o"},"105":{"name":" bullhorn","class":"fa fa-bullhorn"},"106":{"name":" bullseye","class":"fa fa-bullseye"},"107":{"name":" bus","class":"fa fa-bus"},"109":{"name":" buysellads","class":"fa fa-buysellads"},"110":{"name":" calculator","class":"fa fa-calculator"},"111":{"name":" calendar","class":"fa fa-calendar"},"112":{"name":" calendar-check-o","class":"fa fa-calendar-check-o"},"113":{"name":" calendar-minus-o","class":"fa fa-calendar-minus-o"},"114":{"name":" calendar-o","class":"fa fa-calendar-o"},"115":{"name":" calendar-plus-o","class":"fa fa-calendar-plus-o"},"116":{"name":" calendar-times-o","class":"fa fa-calendar-times-o"},"117":{"name":" camera","class":"fa fa-camera"},"118":{"name":" camera-retro","class":"fa fa-camera-retro"},"119":{"name":" car","class":"fa fa-car"},"121":{"name":" caret-down","class":"fa fa-caret-down"},"122":{"name":" caret-left","class":"fa fa-caret-left"},"123":{"name":" caret-right","class":"fa fa-caret-right"},"124":{"name":" caret-square-o-down","class":"fa fa-caret-square-o-down"},"126":{"name":" caret-square-o-left","class":"fa fa-caret-square-o-left"},"128":{"name":" caret-square-o-right","class":"fa fa-caret-square-o-right"},"130":{"name":" caret-square-o-up","class":"fa fa-caret-square-o-up"},"132":{"name":" caret-up","class":"fa fa-caret-up"},"133":{"name":" cart-arrow-down","class":"fa fa-cart-arrow-down"},"134":{"name":" cart-plus","class":"fa fa-cart-plus"},"135":{"name":" cc","class":"fa fa-cc"},"137":{"name":" cc-amex","class":"fa fa-cc-amex"},"139":{"name":" cc-diners-club","class":"fa fa-cc-diners-club"},"141":{"name":" cc-discover","class":"fa fa-cc-discover"},"143":{"name":" cc-jcb","class":"fa fa-cc-jcb"},"145":{"name":" cc-mastercard","class":"fa fa-cc-mastercard"},"147":{"name":" cc-paypal","class":"fa fa-cc-paypal"},"149":{"name":" cc-stripe","class":"fa fa-cc-stripe"},"151":{"name":" cc-visa","class":"fa fa-cc-visa"},"153":{"name":" certificate","class":"fa fa-certificate"},"154":{"name":" chain-broken","class":"fa fa-chain-broken"},"155":{"name":" check","class":"fa fa-check"},"156":{"name":" check-circle","class":"fa fa-check-circle"},"157":{"name":" check-circle-o","class":"fa fa-check-circle-o"},"158":{"name":" check-square","class":"fa fa-check-square"},"160":{"name":" check-square-o","class":"fa fa-check-square-o"},"162":{"name":" chevron-circle-down","class":"fa fa-chevron-circle-down"},"163":{"name":" chevron-circle-left","class":"fa fa-chevron-circle-left"},"164":{"name":" chevron-circle-right","class":"fa fa-chevron-circle-right"},"165":{"name":" chevron-circle-up","class":"fa fa-chevron-circle-up"},"166":{"name":" chevron-down","class":"fa fa-chevron-down"},"167":{"name":" chevron-left","class":"fa fa-chevron-left"},"168":{"name":" chevron-right","class":"fa fa-chevron-right"},"169":{"name":" chevron-up","class":"fa fa-chevron-up"},"170":{"name":" child","class":"fa fa-child"},"171":{"name":" chrome","class":"fa fa-chrome"},"172":{"name":" circle","class":"fa fa-circle"},"174":{"name":" circle-o","class":"fa fa-circle-o"},"176":{"name":" circle-o-notch","class":"fa fa-circle-o-notch"},"178":{"name":" circle-thin","class":"fa fa-circle-thin"},"179":{"name":" clipboard","class":"fa fa-clipboard"},"180":{"name":" clock-o","class":"fa fa-clock-o"},"181":{"name":" clone","class":"fa fa-clone"},"182":{"name":" cloud","class":"fa fa-cloud"},"183":{"name":" cloud-download","class":"fa fa-cloud-download"},"184":{"name":" cloud-upload","class":"fa fa-cloud-upload"},"185":{"name":" code","class":"fa fa-code"},"186":{"name":" code-fork","class":"fa fa-code-fork"},"187":{"name":" codepen","class":"fa fa-codepen"},"188":{"name":" codiepie","class":"fa fa-codiepie"},"189":{"name":" coffee","class":"fa fa-coffee"},"190":{"name":" cog","class":"fa fa-cog"},"192":{"name":" cogs","class":"fa fa-cogs"},"193":{"name":" columns","class":"fa fa-columns"},"194":{"name":" comment","class":"fa fa-comment"},"195":{"name":" comment-o","class":"fa fa-comment-o"},"196":{"name":" commenting","class":"fa fa-commenting"},"197":{"name":" commenting-o","class":"fa fa-commenting-o"},"198":{"name":" comments","class":"fa fa-comments"},"199":{"name":" comments-o","class":"fa fa-comments-o"},"200":{"name":" compass","class":"fa fa-compass"},"201":{"name":" compress","class":"fa fa-compress"},"202":{"name":" connectdevelop","class":"fa fa-connectdevelop"},"203":{"name":" contao","class":"fa fa-contao"},"204":{"name":" copyright","class":"fa fa-copyright"},"205":{"name":" creative-commons","class":"fa fa-creative-commons"},"206":{"name":" credit-card","class":"fa fa-credit-card"},"208":{"name":" credit-card-alt","class":"fa fa-credit-card-alt"},"210":{"name":" crop","class":"fa fa-crop"},"211":{"name":" crosshairs","class":"fa fa-crosshairs"},"212":{"name":" css3","class":"fa fa-css3"},"213":{"name":" cube","class":"fa fa-cube"},"214":{"name":" cubes","class":"fa fa-cubes"},"215":{"name":" cutlery","class":"fa fa-cutlery"},"216":{"name":" dashcube","class":"fa fa-dashcube"},"217":{"name":" database","class":"fa fa-database"},"218":{"name":" deaf","class":"fa fa-deaf"},"221":{"name":" delicious","class":"fa fa-delicious"},"222":{"name":" desktop","class":"fa fa-desktop"},"223":{"name":" deviantart","class":"fa fa-deviantart"},"224":{"name":" diamond","class":"fa fa-diamond"},"225":{"name":" digg","class":"fa fa-digg"},"226":{"name":" dot-circle-o","class":"fa fa-dot-circle-o"},"228":{"name":" download","class":"fa fa-download"},"229":{"name":" dribbble","class":"fa fa-dribbble"},"230":{"name":" dropbox","class":"fa fa-dropbox"},"231":{"name":" drupal","class":"fa fa-drupal"},"232":{"name":" edge","class":"fa fa-edge"},"233":{"name":" eject","class":"fa fa-eject"},"234":{"name":" ellipsis-h","class":"fa fa-ellipsis-h"},"235":{"name":" ellipsis-v","class":"fa fa-ellipsis-v"},"236":{"name":" empire","class":"fa fa-empire"},"237":{"name":" envelope","class":"fa fa-envelope"},"238":{"name":" envelope-o","class":"fa fa-envelope-o"},"239":{"name":" envelope-square","class":"fa fa-envelope-square"},"240":{"name":" envira","class":"fa fa-envira"},"242":{"name":" eraser","class":"fa fa-eraser"},"244":{"name":" eur","class":"fa fa-eur"},"245":{"name":" exchange","class":"fa fa-exchange"},"247":{"name":" exclamation","class":"fa fa-exclamation"},"248":{"name":" exclamation-circle","class":"fa fa-exclamation-circle"},"249":{"name":" exclamation-triangle","class":"fa fa-exclamation-triangle"},"250":{"name":" expand","class":"fa fa-expand"},"251":{"name":" expeditedssl","class":"fa fa-expeditedssl"},"252":{"name":" external-link","class":"fa fa-external-link"},"253":{"name":" external-link-square","class":"fa fa-external-link-square"},"254":{"name":" eye","class":"fa fa-eye"},"255":{"name":" eye-slash","class":"fa fa-eye-slash"},"256":{"name":" eyedropper","class":"fa fa-eyedropper"},"257":{"name":" facebook","class":"fa fa-facebook"},"258":{"name":" facebook-official","class":"fa fa-facebook-official"},"259":{"name":" facebook-square","class":"fa fa-facebook-square"},"260":{"name":" fast-backward","class":"fa fa-fast-backward"},"261":{"name":" fast-forward","class":"fa fa-fast-forward"},"262":{"name":" fax","class":"fa fa-fax"},"263":{"name":" female","class":"fa fa-female"},"264":{"name":" fighter-jet","class":"fa fa-fighter-jet"},"266":{"name":" file","class":"fa fa-file"},"268":{"name":" file-archive-o","class":"fa fa-file-archive-o"},"270":{"name":" file-audio-o","class":"fa fa-file-audio-o"},"272":{"name":" file-code-o","class":"fa fa-file-code-o"},"274":{"name":" file-excel-o","class":"fa fa-file-excel-o"},"276":{"name":" file-image-o","class":"fa fa-file-image-o"},"278":{"name":" file-o","class":"fa fa-file-o"},"280":{"name":" file-pdf-o","class":"fa fa-file-pdf-o"},"282":{"name":" file-powerpoint-o","class":"fa fa-file-powerpoint-o"},"284":{"name":" file-text","class":"fa fa-file-text"},"286":{"name":" file-text-o","class":"fa fa-file-text-o"},"288":{"name":" file-video-o","class":"fa fa-file-video-o"},"290":{"name":" file-word-o","class":"fa fa-file-word-o"},"292":{"name":" files-o","class":"fa fa-files-o"},"293":{"name":" film","class":"fa fa-film"},"294":{"name":" filter","class":"fa fa-filter"},"295":{"name":" fire","class":"fa fa-fire"},"296":{"name":" fire-extinguisher","class":"fa fa-fire-extinguisher"},"297":{"name":" firefox","class":"fa fa-firefox"},"298":{"name":" first-order","class":"fa fa-first-order"},"300":{"name":" flag","class":"fa fa-flag"},"301":{"name":" flag-checkered","class":"fa fa-flag-checkered"},"302":{"name":" flag-o","class":"fa fa-flag-o"},"303":{"name":" flask","class":"fa fa-flask"},"304":{"name":" flickr","class":"fa fa-flickr"},"305":{"name":" floppy-o","class":"fa fa-floppy-o"},"306":{"name":" folder","class":"fa fa-folder"},"307":{"name":" folder-o","class":"fa fa-folder-o"},"308":{"name":" folder-open","class":"fa fa-folder-open"},"309":{"name":" folder-open-o","class":"fa fa-folder-open-o"},"310":{"name":" font","class":"fa fa-font"},"311":{"name":" font-awesome","class":"fa fa-font-awesome"},"313":{"name":" fonticons","class":"fa fa-fonticons"},"314":{"name":" fort-awesome","class":"fa fa-fort-awesome"},"315":{"name":" forumbee","class":"fa fa-forumbee"},"316":{"name":" forward","class":"fa fa-forward"},"317":{"name":" foursquare","class":"fa fa-foursquare"},"318":{"name":" frown-o","class":"fa fa-frown-o"},"319":{"name":" futbol-o","class":"fa fa-futbol-o"},"320":{"name":" gamepad","class":"fa fa-gamepad"},"321":{"name":" gavel","class":"fa fa-gavel"},"322":{"name":" gbp","class":"fa fa-gbp"},"323":{"name":" genderless","class":"fa fa-genderless"},"324":{"name":" get-pocket","class":"fa fa-get-pocket"},"325":{"name":" gg","class":"fa fa-gg"},"327":{"name":" gg-circle","class":"fa fa-gg-circle"},"329":{"name":" gift","class":"fa fa-gift"},"330":{"name":" git","class":"fa fa-git"},"331":{"name":" git-square","class":"fa fa-git-square"},"332":{"name":" github","class":"fa fa-github"},"333":{"name":" github-alt","class":"fa fa-github-alt"},"334":{"name":" github-square","class":"fa fa-github-square"},"335":{"name":" gitlab","class":"fa fa-gitlab"},"337":{"name":" glass","class":"fa fa-glass"},"338":{"name":" glide","class":"fa fa-glide"},"340":{"name":" glide-g","class":"fa fa-glide-g"},"342":{"name":" globe","class":"fa fa-globe"},"343":{"name":" google","class":"fa fa-google"},"344":{"name":" google-plus","class":"fa fa-google-plus"},"345":{"name":" google-plus-official","class":"fa fa-google-plus-official"},"347":{"name":" google-plus-square","class":"fa fa-google-plus-square"},"348":{"name":" google-wallet","class":"fa fa-google-wallet"},"350":{"name":" graduation-cap","class":"fa fa-graduation-cap"},"351":{"name":" gratipay","class":"fa fa-gratipay"},"352":{"name":" h-square","class":"fa fa-h-square"},"353":{"name":" hacker-news","class":"fa fa-hacker-news"},"354":{"name":" hand-lizard-o","class":"fa fa-hand-lizard-o"},"356":{"name":" hand-o-down","class":"fa fa-hand-o-down"},"358":{"name":" hand-o-left","class":"fa fa-hand-o-left"},"360":{"name":" hand-o-right","class":"fa fa-hand-o-right"},"362":{"name":" hand-o-up","class":"fa fa-hand-o-up"},"364":{"name":" hand-paper-o","class":"fa fa-hand-paper-o"},"366":{"name":" hand-peace-o","class":"fa fa-hand-peace-o"},"368":{"name":" hand-pointer-o","class":"fa fa-hand-pointer-o"},"370":{"name":" hand-rock-o","class":"fa fa-hand-rock-o"},"372":{"name":" hand-scissors-o","class":"fa fa-hand-scissors-o"},"374":{"name":" hand-spock-o","class":"fa fa-hand-spock-o"},"376":{"name":" hashtag","class":"fa fa-hashtag"},"377":{"name":" hdd-o","class":"fa fa-hdd-o"},"378":{"name":" header","class":"fa fa-header"},"379":{"name":" headphones","class":"fa fa-headphones"},"380":{"name":" heart","class":"fa fa-heart"},"382":{"name":" heart-o","class":"fa fa-heart-o"},"384":{"name":" heartbeat","class":"fa fa-heartbeat"},"386":{"name":" history","class":"fa fa-history"},"387":{"name":" home","class":"fa fa-home"},"388":{"name":" hospital-o","class":"fa fa-hospital-o"},"389":{"name":" hourglass","class":"fa fa-hourglass"},"390":{"name":" hourglass-end","class":"fa fa-hourglass-end"},"391":{"name":" hourglass-half","class":"fa fa-hourglass-half"},"392":{"name":" hourglass-o","class":"fa fa-hourglass-o"},"393":{"name":" hourglass-start","class":"fa fa-hourglass-start"},"394":{"name":" houzz","class":"fa fa-houzz"},"395":{"name":" html5","class":"fa fa-html5"},"396":{"name":" i-cursor","class":"fa fa-i-cursor"},"397":{"name":" ils","class":"fa fa-ils"},"398":{"name":" inbox","class":"fa fa-inbox"},"399":{"name":" indent","class":"fa fa-indent"},"400":{"name":" industry","class":"fa fa-industry"},"401":{"name":" info","class":"fa fa-info"},"402":{"name":" info-circle","class":"fa fa-info-circle"},"403":{"name":" inr","class":"fa fa-inr"},"404":{"name":" instagram","class":"fa fa-instagram"},"406":{"name":" internet-explorer","class":"fa fa-internet-explorer"},"407":{"name":" ioxhost","class":"fa fa-ioxhost"},"408":{"name":" italic","class":"fa fa-italic"},"409":{"name":" joomla","class":"fa fa-joomla"},"410":{"name":" jpy","class":"fa fa-jpy"},"411":{"name":" jsfiddle","class":"fa fa-jsfiddle"},"412":{"name":" key","class":"fa fa-key"},"413":{"name":" keyboard-o","class":"fa fa-keyboard-o"},"414":{"name":" krw","class":"fa fa-krw"},"415":{"name":" language","class":"fa fa-language"},"416":{"name":" laptop","class":"fa fa-laptop"},"417":{"name":" lastfm","class":"fa fa-lastfm"},"418":{"name":" lastfm-square","class":"fa fa-lastfm-square"},"419":{"name":" leaf","class":"fa fa-leaf"},"420":{"name":" leanpub","class":"fa fa-leanpub"},"421":{"name":" lemon-o","class":"fa fa-lemon-o"},"422":{"name":" level-down","class":"fa fa-level-down"},"423":{"name":" level-up","class":"fa fa-level-up"},"424":{"name":" life-ring","class":"fa fa-life-ring"},"425":{"name":" lightbulb-o","class":"fa fa-lightbulb-o"},"426":{"name":" line-chart","class":"fa fa-line-chart"},"428":{"name":" link","class":"fa fa-link"},"429":{"name":" linkedin","class":"fa fa-linkedin"},"430":{"name":" linkedin-square","class":"fa fa-linkedin-square"},"431":{"name":" linux","class":"fa fa-linux"},"432":{"name":" list","class":"fa fa-list"},"433":{"name":" list-alt","class":"fa fa-list-alt"},"434":{"name":" list-ol","class":"fa fa-list-ol"},"435":{"name":" list-ul","class":"fa fa-list-ul"},"436":{"name":" location-arrow","class":"fa fa-location-arrow"},"437":{"name":" lock","class":"fa fa-lock"},"438":{"name":" long-arrow-down","class":"fa fa-long-arrow-down"},"439":{"name":" long-arrow-left","class":"fa fa-long-arrow-left"},"440":{"name":" long-arrow-right","class":"fa fa-long-arrow-right"},"441":{"name":" long-arrow-up","class":"fa fa-long-arrow-up"},"442":{"name":" low-vision","class":"fa fa-low-vision"},"445":{"name":" magic","class":"fa fa-magic"},"446":{"name":" magnet","class":"fa fa-magnet"},"447":{"name":" male","class":"fa fa-male"},"448":{"name":" map","class":"fa fa-map"},"449":{"name":" map-marker","class":"fa fa-map-marker"},"450":{"name":" map-o","class":"fa fa-map-o"},"451":{"name":" map-pin","class":"fa fa-map-pin"},"452":{"name":" map-signs","class":"fa fa-map-signs"},"453":{"name":" mars","class":"fa fa-mars"},"454":{"name":" mars-double","class":"fa fa-mars-double"},"455":{"name":" mars-stroke","class":"fa fa-mars-stroke"},"456":{"name":" mars-stroke-h","class":"fa fa-mars-stroke-h"},"457":{"name":" mars-stroke-v","class":"fa fa-mars-stroke-v"},"458":{"name":" maxcdn","class":"fa fa-maxcdn"},"459":{"name":" meanpath","class":"fa fa-meanpath"},"460":{"name":" medium","class":"fa fa-medium"},"461":{"name":" medkit","class":"fa fa-medkit"},"462":{"name":" meh-o","class":"fa fa-meh-o"},"463":{"name":" mercury","class":"fa fa-mercury"},"464":{"name":" microphone","class":"fa fa-microphone"},"465":{"name":" microphone-slash","class":"fa fa-microphone-slash"},"466":{"name":" minus","class":"fa fa-minus"},"467":{"name":" minus-circle","class":"fa fa-minus-circle"},"468":{"name":" minus-square","class":"fa fa-minus-square"},"470":{"name":" minus-square-o","class":"fa fa-minus-square-o"},"472":{"name":" mixcloud","class":"fa fa-mixcloud"},"473":{"name":" mobile","class":"fa fa-mobile"},"474":{"name":" modx","class":"fa fa-modx"},"475":{"name":" money","class":"fa fa-money"},"477":{"name":" moon-o","class":"fa fa-moon-o"},"478":{"name":" motorcycle","class":"fa fa-motorcycle"},"480":{"name":" mouse-pointer","class":"fa fa-mouse-pointer"},"481":{"name":" music","class":"fa fa-music"},"482":{"name":" neuter","class":"fa fa-neuter"},"483":{"name":" newspaper-o","class":"fa fa-newspaper-o"},"484":{"name":" object-group","class":"fa fa-object-group"},"485":{"name":" object-ungroup","class":"fa fa-object-ungroup"},"486":{"name":" odnoklassniki","class":"fa fa-odnoklassniki"},"487":{"name":" odnoklassniki-square","class":"fa fa-odnoklassniki-square"},"488":{"name":" opencart","class":"fa fa-opencart"},"489":{"name":" openid","class":"fa fa-openid"},"490":{"name":" opera","class":"fa fa-opera"},"491":{"name":" optin-monster","class":"fa fa-optin-monster"},"492":{"name":" outdent","class":"fa fa-outdent"},"493":{"name":" pagelines","class":"fa fa-pagelines"},"494":{"name":" paint-brush","class":"fa fa-paint-brush"},"495":{"name":" paper-plane","class":"fa fa-paper-plane"},"496":{"name":" paper-plane-o","class":"fa fa-paper-plane-o"},"497":{"name":" paperclip","class":"fa fa-paperclip"},"498":{"name":" paragraph","class":"fa fa-paragraph"},"499":{"name":" pause","class":"fa fa-pause"},"500":{"name":" pause-circle","class":"fa fa-pause-circle"},"501":{"name":" pause-circle-o","class":"fa fa-pause-circle-o"},"502":{"name":" paw","class":"fa fa-paw"},"503":{"name":" paypal","class":"fa fa-paypal"},"505":{"name":" pencil","class":"fa fa-pencil"},"506":{"name":" pencil-square","class":"fa fa-pencil-square"},"507":{"name":" pencil-square-o","class":"fa fa-pencil-square-o"},"508":{"name":" percent","class":"fa fa-percent"},"509":{"name":" phone","class":"fa fa-phone"},"510":{"name":" phone-square","class":"fa fa-phone-square"},"511":{"name":" picture-o","class":"fa fa-picture-o"},"512":{"name":" pie-chart","class":"fa fa-pie-chart"},"514":{"name":" pied-piper","class":"fa fa-pied-piper"},"516":{"name":" pied-piper-alt","class":"fa fa-pied-piper-alt"},"517":{"name":" pied-piper-pp","class":"fa fa-pied-piper-pp"},"518":{"name":" pinterest","class":"fa fa-pinterest"},"519":{"name":" pinterest-p","class":"fa fa-pinterest-p"},"520":{"name":" pinterest-square","class":"fa fa-pinterest-square"},"521":{"name":" plane","class":"fa fa-plane"},"523":{"name":" play","class":"fa fa-play"},"524":{"name":" play-circle","class":"fa fa-play-circle"},"525":{"name":" play-circle-o","class":"fa fa-play-circle-o"},"526":{"name":" plug","class":"fa fa-plug"},"527":{"name":" plus","class":"fa fa-plus"},"528":{"name":" plus-circle","class":"fa fa-plus-circle"},"529":{"name":" plus-square","class":"fa fa-plus-square"},"532":{"name":" plus-square-o","class":"fa fa-plus-square-o"},"534":{"name":" power-off","class":"fa fa-power-off"},"535":{"name":" print","class":"fa fa-print"},"536":{"name":" product-hunt","class":"fa fa-product-hunt"},"537":{"name":" puzzle-piece","class":"fa fa-puzzle-piece"},"538":{"name":" qq","class":"fa fa-qq"},"539":{"name":" qrcode","class":"fa fa-qrcode"},"540":{"name":" question","class":"fa fa-question"},"541":{"name":" question-circle","class":"fa fa-question-circle"},"542":{"name":" question-circle-o","class":"fa fa-question-circle-o"},"545":{"name":" quote-left","class":"fa fa-quote-left"},"546":{"name":" quote-right","class":"fa fa-quote-right"},"547":{"name":" random","class":"fa fa-random"},"549":{"name":" rebel","class":"fa fa-rebel"},"550":{"name":" recycle","class":"fa fa-recycle"},"551":{"name":" reddit","class":"fa fa-reddit"},"552":{"name":" reddit-alien","class":"fa fa-reddit-alien"},"553":{"name":" reddit-square","class":"fa fa-reddit-square"},"554":{"name":" refresh","class":"fa fa-refresh"},"556":{"name":" registered","class":"fa fa-registered"},"557":{"name":" renren","class":"fa fa-renren"},"558":{"name":" repeat","class":"fa fa-repeat"},"559":{"name":" reply","class":"fa fa-reply"},"560":{"name":" reply-all","class":"fa fa-reply-all"},"561":{"name":" retweet","class":"fa fa-retweet"},"562":{"name":" road","class":"fa fa-road"},"563":{"name":" rocket","class":"fa fa-rocket"},"565":{"name":" rss","class":"fa fa-rss"},"566":{"name":" rss-square","class":"fa fa-rss-square"},"567":{"name":" rub","class":"fa fa-rub"},"568":{"name":" safari","class":"fa fa-safari"},"569":{"name":" scissors","class":"fa fa-scissors"},"570":{"name":" scribd","class":"fa fa-scribd"},"571":{"name":" search","class":"fa fa-search"},"572":{"name":" search-minus","class":"fa fa-search-minus"},"573":{"name":" search-plus","class":"fa fa-search-plus"},"574":{"name":" sellsy","class":"fa fa-sellsy"},"575":{"name":" server","class":"fa fa-server"},"576":{"name":" share","class":"fa fa-share"},"577":{"name":" share-alt","class":"fa fa-share-alt"},"579":{"name":" share-alt-square","class":"fa fa-share-alt-square"},"581":{"name":" share-square","class":"fa fa-share-square"},"582":{"name":" share-square-o","class":"fa fa-share-square-o"},"583":{"name":" shield","class":"fa fa-shield"},"584":{"name":" ship","class":"fa fa-ship"},"586":{"name":" shirtsinbulk","class":"fa fa-shirtsinbulk"},"587":{"name":" shopping-bag","class":"fa fa-shopping-bag"},"588":{"name":" shopping-basket","class":"fa fa-shopping-basket"},"589":{"name":" shopping-cart","class":"fa fa-shopping-cart"},"590":{"name":" sign-in","class":"fa fa-sign-in"},"591":{"name":" sign-language","class":"fa fa-sign-language"},"594":{"name":" sign-out","class":"fa fa-sign-out"},"595":{"name":" signal","class":"fa fa-signal"},"596":{"name":" simplybuilt","class":"fa fa-simplybuilt"},"597":{"name":" sitemap","class":"fa fa-sitemap"},"598":{"name":" skyatlas","class":"fa fa-skyatlas"},"599":{"name":" skype","class":"fa fa-skype"},"600":{"name":" slack","class":"fa fa-slack"},"601":{"name":" sliders","class":"fa fa-sliders"},"602":{"name":" slideshare","class":"fa fa-slideshare"},"603":{"name":" smile-o","class":"fa fa-smile-o"},"604":{"name":" snapchat","class":"fa fa-snapchat"},"606":{"name":" snapchat-ghost","class":"fa fa-snapchat-ghost"},"608":{"name":" snapchat-square","class":"fa fa-snapchat-square"},"610":{"name":" sort","class":"fa fa-sort"},"611":{"name":" sort-alpha-asc","class":"fa fa-sort-alpha-asc"},"612":{"name":" sort-alpha-desc","class":"fa fa-sort-alpha-desc"},"613":{"name":" sort-amount-asc","class":"fa fa-sort-amount-asc"},"614":{"name":" sort-amount-desc","class":"fa fa-sort-amount-desc"},"615":{"name":" sort-asc","class":"fa fa-sort-asc"},"616":{"name":" sort-desc","class":"fa fa-sort-desc"},"617":{"name":" sort-numeric-asc","class":"fa fa-sort-numeric-asc"},"618":{"name":" sort-numeric-desc","class":"fa fa-sort-numeric-desc"},"619":{"name":" soundcloud","class":"fa fa-soundcloud"},"620":{"name":" space-shuttle","class":"fa fa-space-shuttle"},"622":{"name":" spinner","class":"fa fa-spinner"},"624":{"name":" spoon","class":"fa fa-spoon"},"625":{"name":" spotify","class":"fa fa-spotify"},"626":{"name":" square","class":"fa fa-square"},"628":{"name":" square-o","class":"fa fa-square-o"},"630":{"name":" stack-exchange","class":"fa fa-stack-exchange"},"631":{"name":" stack-overflow","class":"fa fa-stack-overflow"},"632":{"name":" star","class":"fa fa-star"},"633":{"name":" star-half","class":"fa fa-star-half"},"634":{"name":" star-half-o","class":"fa fa-star-half-o"},"635":{"name":" star-o","class":"fa fa-star-o"},"636":{"name":" steam","class":"fa fa-steam"},"637":{"name":" steam-square","class":"fa fa-steam-square"},"638":{"name":" step-backward","class":"fa fa-step-backward"},"639":{"name":" step-forward","class":"fa fa-step-forward"},"640":{"name":" stethoscope","class":"fa fa-stethoscope"},"641":{"name":" sticky-note","class":"fa fa-sticky-note"},"642":{"name":" sticky-note-o","class":"fa fa-sticky-note-o"},"643":{"name":" stop","class":"fa fa-stop"},"644":{"name":" stop-circle","class":"fa fa-stop-circle"},"645":{"name":" stop-circle-o","class":"fa fa-stop-circle-o"},"646":{"name":" street-view","class":"fa fa-street-view"},"647":{"name":" strikethrough","class":"fa fa-strikethrough"},"648":{"name":" stumbleupon","class":"fa fa-stumbleupon"},"649":{"name":" stumbleupon-circle","class":"fa fa-stumbleupon-circle"},"650":{"name":" subscript","class":"fa fa-subscript"},"651":{"name":" subway","class":"fa fa-subway"},"652":{"name":" suitcase","class":"fa fa-suitcase"},"653":{"name":" sun-o","class":"fa fa-sun-o"},"654":{"name":" superscript","class":"fa fa-superscript"},"655":{"name":" table","class":"fa fa-table"},"656":{"name":" tablet","class":"fa fa-tablet"},"657":{"name":" tachometer","class":"fa fa-tachometer"},"658":{"name":" tag","class":"fa fa-tag"},"659":{"name":" tags","class":"fa fa-tags"},"660":{"name":" tasks","class":"fa fa-tasks"},"661":{"name":" taxi","class":"fa fa-taxi"},"663":{"name":" television","class":"fa fa-television"},"664":{"name":" tencent-weibo","class":"fa fa-tencent-weibo"},"665":{"name":" terminal","class":"fa fa-terminal"},"666":{"name":" text-height","class":"fa fa-text-height"},"667":{"name":" text-width","class":"fa fa-text-width"},"668":{"name":" th","class":"fa fa-th"},"669":{"name":" th-large","class":"fa fa-th-large"},"670":{"name":" th-list","class":"fa fa-th-list"},"671":{"name":" themeisle","class":"fa fa-themeisle"},"673":{"name":" thumb-tack","class":"fa fa-thumb-tack"},"674":{"name":" thumbs-down","class":"fa fa-thumbs-down"},"676":{"name":" thumbs-o-down","class":"fa fa-thumbs-o-down"},"678":{"name":" thumbs-o-up","class":"fa fa-thumbs-o-up"},"680":{"name":" thumbs-up","class":"fa fa-thumbs-up"},"682":{"name":" ticket","class":"fa fa-ticket"},"683":{"name":" times","class":"fa fa-times"},"684":{"name":" times-circle","class":"fa fa-times-circle"},"685":{"name":" times-circle-o","class":"fa fa-times-circle-o"},"686":{"name":" tint","class":"fa fa-tint"},"687":{"name":" toggle-off","class":"fa fa-toggle-off"},"688":{"name":" toggle-on","class":"fa fa-toggle-on"},"689":{"name":" trademark","class":"fa fa-trademark"},"690":{"name":" train","class":"fa fa-train"},"691":{"name":" transgender","class":"fa fa-transgender"},"692":{"name":" transgender-alt","class":"fa fa-transgender-alt"},"693":{"name":" trash","class":"fa fa-trash"},"694":{"name":" trash-o","class":"fa fa-trash-o"},"695":{"name":" tree","class":"fa fa-tree"},"696":{"name":" trello","class":"fa fa-trello"},"697":{"name":" tripadvisor","class":"fa fa-tripadvisor"},"698":{"name":" trophy","class":"fa fa-trophy"},"699":{"name":" truck","class":"fa fa-truck"},"701":{"name":" try","class":"fa fa-try"},"702":{"name":" tty","class":"fa fa-tty"},"704":{"name":" tumblr","class":"fa fa-tumblr"},"705":{"name":" tumblr-square","class":"fa fa-tumblr-square"},"706":{"name":" twitch","class":"fa fa-twitch"},"707":{"name":" twitter","class":"fa fa-twitter"},"708":{"name":" twitter-square","class":"fa fa-twitter-square"},"709":{"name":" umbrella","class":"fa fa-umbrella"},"710":{"name":" underline","class":"fa fa-underline"},"711":{"name":" undo","class":"fa fa-undo"},"712":{"name":" universal-access","class":"fa fa-universal-access"},"715":{"name":" university","class":"fa fa-university"},"716":{"name":" unlock","class":"fa fa-unlock"},"717":{"name":" unlock-alt","class":"fa fa-unlock-alt"},"718":{"name":" upload","class":"fa fa-upload"},"719":{"name":" usb","class":"fa fa-usb"},"720":{"name":" usd","class":"fa fa-usd"},"721":{"name":" user","class":"fa fa-user"},"722":{"name":" user-md","class":"fa fa-user-md"},"723":{"name":" user-plus","class":"fa fa-user-plus"},"724":{"name":" user-secret","class":"fa fa-user-secret"},"725":{"name":" user-times","class":"fa fa-user-times"},"726":{"name":" users","class":"fa fa-users"},"727":{"name":" venus","class":"fa fa-venus"},"728":{"name":" venus-double","class":"fa fa-venus-double"},"729":{"name":" venus-mars","class":"fa fa-venus-mars"},"730":{"name":" viacoin","class":"fa fa-viacoin"},"731":{"name":" viadeo","class":"fa fa-viadeo"},"733":{"name":" viadeo-square","class":"fa fa-viadeo-square"},"735":{"name":" video-camera","class":"fa fa-video-camera"},"736":{"name":" vimeo","class":"fa fa-vimeo"},"737":{"name":" vimeo-square","class":"fa fa-vimeo-square"},"738":{"name":" vine","class":"fa fa-vine"},"739":{"name":" vk","class":"fa fa-vk"},"740":{"name":" volume-control-phone","class":"fa fa-volume-control-phone"},"743":{"name":" volume-down","class":"fa fa-volume-down"},"744":{"name":" volume-off","class":"fa fa-volume-off"},"745":{"name":" volume-up","class":"fa fa-volume-up"},"746":{"name":" weibo","class":"fa fa-weibo"},"747":{"name":" weixin","class":"fa fa-weixin"},"748":{"name":" whatsapp","class":"fa fa-whatsapp"},"749":{"name":" wheelchair","class":"fa fa-wheelchair"},"753":{"name":" wheelchair-alt","class":"fa fa-wheelchair-alt"},"756":{"name":" wifi","class":"fa fa-wifi"},"757":{"name":" wikipedia-w","class":"fa fa-wikipedia-w"},"758":{"name":" windows","class":"fa fa-windows"},"759":{"name":" wordpress","class":"fa fa-wordpress"},"760":{"name":" wpbeginner","class":"fa fa-wpbeginner"},"762":{"name":" wpforms","class":"fa fa-wpforms"},"764":{"name":" wrench","class":"fa fa-wrench"},"765":{"name":" xing","class":"fa fa-xing"},"766":{"name":" xing-square","class":"fa fa-xing-square"},"767":{"name":" y-combinator","class":"fa fa-y-combinator"},"768":{"name":" yahoo","class":"fa fa-yahoo"},"769":{"name":" yelp","class":"fa fa-yelp"},"770":{"name":" yoast","class":"fa fa-yoast"},"772":{"name":" youtube","class":"fa fa-youtube"},"773":{"name":" youtube-play","class":"fa fa-youtube-play"},"775":{"name":" youtube-square","class":"fa fa-youtube-square"}}